Project Name,Post URL,,,
Afribit Kibera (Kenya) 🇰🇪,https://x.com/AfribitKibera/status/1924698579672891657,,,
Afribit Kibera (Kenya) 🇰🇪,https://x.com/AfribitKibera/status/1924894151402807795,,Project Name,Total Posts
Afribit Kibera (Kenya) 🇰🇪,https://x.com/AfribitKibera/status/1925618086461280404,,Bitcoin Victoria Falls (Zambia) 🇿🇲,33
Afribit Kibera (Kenya) 🇰🇪,https://x.com/AfribitKibera/status/1926544358590845365,,BTC Shule (Burundi) 🇧🇮,23
Afribit Kibera (Kenya) 🇰🇪,https://x.com/AfribitKibera/status/1927964892578959487,,Bitcoin Babies (Kenya) 🇰🇪,22
Afribit Kibera (Kenya) 🇰🇪,https://x.com/AfribitKibera/status/1934479908295659993,,Bitcoin Ekasi (South Africa) 🇿🇦,21
Afribit Kibera (Kenya) 🇰🇪,https://x.com/AfribitKibera/status/1935037190532104348,,Bitcoin Chama (Kenya)🇰🇪,21
Afribit Kibera (Kenya) 🇰🇪,https://x.com/AfribitKibera/status/1944639764495253851,,Afribit Kibera (Kenya) 🇰🇪,21
Afribit Kibera (Kenya) 🇰🇪,https://x.com/AfribitKibera/status/1939420411520749850,,Calabar Bitcoin Club (Nigeria) 🇳🇬,19
Afribit Kibera (Kenya) 🇰🇪,https://x.com/AfribitKibera/status/1945937224865816883,,Bitcoin Ubuntu (South Africa) 🇿🇦,15
Afribit Kibera (Kenya) 🇰🇪,https://x.com/AfribitKibera/status/1947651822937649205,,Orphans of Uganda (Uganda) 🇺🇬,14
Afribit Kibera (Kenya) 🇰🇪,https://x.com/AfribitKibera/status/1947667742653616540,,Bitcoin Dua (Ghana) 🇬🇭,13
Afribit Kibera (Kenya) 🇰🇪,https://x.com/AfribitKibera/status/1949362834363609270,,Bitcoin Karoo (South Africa) 🇿🇦,12
Afribit Kibera (Kenya) 🇰🇪,https://x.com/AfribitKibera/status/1950997271874556024,,Bitcoin Githurai (Kenya) 🇰🇪,12
Afribit Kibera (Kenya) 🇰🇪,https://x.com/AfribitKibera/status/1951157749615587788,,Simply Sow (South Africa) 🇿🇦,11
Afribit Kibera (Kenya) 🇰🇪,https://x.com/AfribitKibera/status/1951193048076980340,,Soweto BTC (South Africa) 🇿🇦,9
Afribit Kibera (Kenya) 🇰🇪,https://x.com/AfribitKibera/status/1951550781104025856,,Bitcoin Sisonke (South Africa) 🇿🇦,9
Afribit Kibera (Kenya) 🇰🇪,https://x.com/AfribitKibera/status/1951884513048428565,,Bitcoin Anambra (Nigeria)🇳🇬,9
Afribit Kibera (Kenya) 🇰🇪,https://x.com/AfribitKibera/status/1952084590757065136,,Bitcoin Kampala (Uganda) 🇺🇬,8
Afribit Kibera (Kenya) 🇰🇪,https://x.com/AfribitKibera/status/1952107932264366354,,Bitcoin Plett (South Africa) 🇿🇦,6
Afribit Kibera (Kenya) 🇰🇪,https://x.com/AfribitKibera/status/1954628159371972719,,Bitcoin Arusha (Tanzania) 🇹🇿,6
Bitcoin Anambra (Nigeria)🇳🇬,https://x.com/bitcoinanambra/status/1926236810306318700,,Grand Total,284
Bitcoin Anambra (Nigeria)🇳🇬,https://x.com/BitcoinAnambra/status/1926594104521265327,,,
Bitcoin Anambra (Nigeria)🇳🇬,https://x.com/BitcoinAnambra/status/1933243915475562901,,,
Bitcoin Anambra (Nigeria)🇳🇬,https://x.com/bitcoinanambra/status/1935661255328407597,,Project Name,No Submissions
Bitcoin Anambra (Nigeria)🇳🇬,https://x.com/bitcoinanambra/status/1946192954202505572,,Bitcoin Witsand (South Africa) 🇿🇦,0
Bitcoin Anambra (Nigeria)🇳🇬,https://x.com/BitcoinAnambra/status/1947624999986065489,,El Zera School (South Africa) 🇿🇦,0
Bitcoin Anambra (Nigeria)🇳🇬,https://x.com/bitcoinanambra/status/1951160969566060554,,Tofo BTC (Mozambique)🇲🇿,0
Bitcoin Anambra (Nigeria)🇳🇬,https://x.com/bitcoinanambra/status/1954882556014301478,,Volschenk Primary (South Africa) 🇿🇦,0
Bitcoin Anambra (Nigeria)🇳🇬,https://x.com/bitcoinanambra/status/1955625943101239375,,,
Bitcoin Arusha (Tanzania) 🇹🇿,https://x.com/bitcoinarusha/status/1924743605802930534,,,
Bitcoin Arusha (Tanzania) 🇹🇿,https://x.com/bitcoinarusha/status/1926485726838898719,,,
Bitcoin Arusha (Tanzania) 🇹🇿,https://x.com/bitcoinarusha/status/1929264907859427335,,,
Bitcoin Arusha (Tanzania) 🇹🇿,https://x.com/bitcoinarusha/status/1930340695396475268,,,
Bitcoin Arusha (Tanzania) 🇹🇿,https://x.com/bitcoinarusha/status/1935329865672110427,,,
Bitcoin Arusha (Tanzania) 🇹🇿,https://x.com/bitcoinarusha/status/1952780752271085588,,,
Bitcoin Babies (Kenya) 🇰🇪,https://x.com/EMacharia67332/status/1915483325126287634,,,
Bitcoin Babies (Kenya) 🇰🇪,https://x.com/AkundaJane85699/status/1922700640821633424,,,
Bitcoin Babies (Kenya) 🇰🇪,https://x.com/AkundaJane85699/status/1924475583867552145,,,
Bitcoin Babies (Kenya) 🇰🇪,https://x.com/BtcBabies/status/1925611693947986344,,,
Bitcoin Babies (Kenya) 🇰🇪,https://x.com/Joycekoigi3816/status/1927371689156891063,,,
Bitcoin Babies (Kenya) 🇰🇪,https://x.com/MutheeEmmah/status/1927693931162017882,,,
Bitcoin Babies (Kenya) 🇰🇪,https://x.com/gichuhi_te33890/status/1928403244981559332,,,
Bitcoin Babies (Kenya) 🇰🇪,https://x.com/MercyG57399/status/1929539535496499588,,,
Bitcoin Babies (Kenya) 🇰🇪,https://x.com/MercyG57399/status/1932434091162435976,,,
Bitcoin Babies (Kenya) 🇰🇪,https://x.com/Danni6711/status/1935427873009029212,,,
Bitcoin Babies (Kenya) 🇰🇪,https://x.com/Danni6711/status/1935427877413208178,,,
Bitcoin Babies (Kenya) 🇰🇪,https://x.com/veronicahgache1/status/1934231877390602482,,,
Bitcoin Babies (Kenya) 🇰🇪,https://x.com/MercyG57399/status/1937183142974194159,,,
Bitcoin Babies (Kenya) 🇰🇪,https://x.com/satsmacharia/status/1939025084913422507,,,
Bitcoin Babies (Kenya) 🇰🇪,https://x.com/nafula_ste63532/status/1939671800838844538,,,
Bitcoin Babies (Kenya) 🇰🇪,https://x.com/BtcBabies/status/1942820959888544220,,,
Bitcoin Babies (Kenya) 🇰🇪,https://x.com/BtcBabies/status/1947366012749262993,,,
Bitcoin Babies (Kenya) 🇰🇪,https://x.com/satsmacharia/status/1950214117349851282?t=rleKufohePobE3IzfqDG9Q&s=19,,,
Bitcoin Babies (Kenya) 🇰🇪,https://x.com/satsmacharia/status/1948744534474506566,,,
Bitcoin Babies (Kenya) 🇰🇪,https://x.com/BtcBabies/status/1951240860168855748,,,
Bitcoin Babies (Kenya) 🇰🇪,https://x.com/N31289Njiru/status/1955690036726276256,,,
Bitcoin Babies (Kenya) 🇰🇪,https://x.com/nafula_ste63532/status/1955703203200119070,,,
Bitcoin Chama (Kenya)🇰🇪,https://x.com/Bitcoinchama/status/1924762269621145963,,,
Bitcoin Chama (Kenya)🇰🇪,https://x.com/Bitcoinchama/status/1925603588702970034,,,
Bitcoin Chama (Kenya)🇰🇪,https://x.com/Bitcoinchama/status/1925868273289040056,,,
Bitcoin Chama (Kenya)🇰🇪,https://x.com/Bitcoinchama/status/1928018840451174827,,,
Bitcoin Chama (Kenya)🇰🇪,https://x.com/Bitcoinchama/status/1929886341841420570,,,
Bitcoin Chama (Kenya)🇰🇪,https://x.com/Bitcoinchama/status/1932049566120943747,,,
Bitcoin Chama (Kenya)🇰🇪,https://x.com/Bitcoinchama/status/1932428301600952582,,,
Bitcoin Chama (Kenya)🇰🇪,https://x.com/Bitcoinchama/status/1937040000203231396,,,
Bitcoin Chama (Kenya)🇰🇪,https://x.com/Bitcoinchama/status/1938273268965745006,,,
Bitcoin Chama (Kenya)🇰🇪,https://x.com/Bitcoinchama/status/1939009918582854040,,,
Bitcoin Chama (Kenya)🇰🇪,https://x.com/Bitcoinchama/status/1939571117938614753,,,
Bitcoin Chama (Kenya)🇰🇪,https://x.com/Bitcoinchama/status/1939934566610821618,,,
Bitcoin Chama (Kenya)🇰🇪,https://x.com/Bitcoinchama/status/1941046079593894110,,,
Bitcoin Chama (Kenya)🇰🇪,https://x.com/Bitcoinchama/status/1945456072291946635,,,
Bitcoin Chama (Kenya)🇰🇪,https://x.com/Bitcoinchama/status/1947924739491565899,,,
Bitcoin Chama (Kenya)🇰🇪,https://x.com/Bitcoinchama/status/1950415309015269780,,,
Bitcoin Chama (Kenya)🇰🇪,https://x.com/Bitcoinchama/status/1950966000230473994,,,
Bitcoin Chama (Kenya)🇰🇪,https://x.com/Bitcoinchama/status/1951125977922208109,,,
Bitcoin Chama (Kenya)🇰🇪,https://x.com/Bitcoinchama/status/1951224648865091870,,,
Bitcoin Chama (Kenya)🇰🇪,https://x.com/Bitcoinchama/status/1951337691385307604,,,
Bitcoin Chama (Kenya)🇰🇪,https://x.com/Bitcoinchama/status/1955230654548816257,,,
Bitcoin Dua (Ghana) 🇬🇭,https://x.com/bitcoin_dua/status/1923814902717706307,,,
Bitcoin Dua (Ghana) 🇬🇭,https://x.com/bitcoin_dua/status/1922663639409975639,,,
Bitcoin Dua (Ghana) 🇬🇭,https://x.com/bitcoin_dua/status/1924498193049391368,,,
Bitcoin Dua (Ghana) 🇬🇭,https://x.com/bitcoin_dua/status/1925519954025050614,,,
Bitcoin Dua (Ghana) 🇬🇭,https://x.com/bitcoin_dua/status/1925954560008282183,,,
Bitcoin Dua (Ghana) 🇬🇭,https://x.com/bitcoin_dua/status/1927142163084628221,,,
Bitcoin Dua (Ghana) 🇬🇭,https://x.com/bitcoin_dua/status/1930779952204398702,,,
Bitcoin Dua (Ghana) 🇬🇭,https://x.com/bitcoin_dua/status/1932740629148443115,,,
Bitcoin Dua (Ghana) 🇬🇭,https://x.com/bitcoin_dua/status/1933265819569422462,,,
Bitcoin Dua (Ghana) 🇬🇭,https://x.com/bitcoin_dua/status/1938640695616520617,,,
Bitcoin Dua (Ghana) 🇬🇭,https://x.com/bitcoin_dua/status/1941408734871421384,,,
Bitcoin Dua (Ghana) 🇬🇭,https://x.com/bitcoin_dua/status/1949591542521328120,,,
Bitcoin Dua (Ghana) 🇬🇭,https://x.com/bitcoin_dua/status/1955280759469515138,,,
Bitcoin Ekasi (South Africa) 🇿🇦,https://x.com/BitcoinEkasi/status/1925526230356361444,,,
Bitcoin Ekasi (South Africa) 🇿🇦,https://x.com/BitcoinEkasi/status/1925919395953410256,,,
Bitcoin Ekasi (South Africa) 🇿🇦,https://x.com/BitcoinEkasi/status/1932413600204734638,,,
Bitcoin Ekasi (South Africa) 🇿🇦,https://x.com/BitcoinEkasi/status/1935263366894834138,,,
Bitcoin Ekasi (South Africa) 🇿🇦,https://x.com/LuthandoSABTC/status/1936466489088860656,,,
Bitcoin Ekasi (South Africa) 🇿🇦,https://x.com/BitcoinEkasi/status/1937226720316166554,,,
Bitcoin Ekasi (South Africa) 🇿🇦,https://x.com/BitcoinEkasi/status/1940758602639396994,,,
Bitcoin Ekasi (South Africa) 🇿🇦,https://x.com/BitcoinEkasi/status/1942621948824993817,,,
Bitcoin Ekasi (South Africa) 🇿🇦,https://x.com/BitcoinEkasi/status/1943695892839555446,,,
Bitcoin Ekasi (South Africa) 🇿🇦,https://x.com/BitcoinEkasi/status/1945119546584580495,,,
Bitcoin Ekasi (South Africa) 🇿🇦,https://x.com/BitcoinEkasi/status/1945838699821891823,,,
Bitcoin Ekasi (South Africa) 🇿🇦,https://x.com/BitcoinEkasi/status/1948456262376849740,,,
Bitcoin Ekasi (South Africa) 🇿🇦,https://x.com/BitcoinEkasi/status/1948702839695409369,,,
Bitcoin Ekasi (South Africa) 🇿🇦,https://x.com/BitcoinEkasi/status/1948817520355410401,,,
Bitcoin Ekasi (South Africa) 🇿🇦,https://x.com/BitcoinEkasi/status/1949841458774553026,,,
Bitcoin Ekasi (South Africa) 🇿🇦,https://x.com/BitcoinEkasi/status/1950197693067800815,,,
Bitcoin Ekasi (South Africa) 🇿🇦,https://x.com/BitcoinEkasi/status/1951209632304865534,,,
Bitcoin Ekasi (South Africa) 🇿🇦,https://x.com/BitcoinEkasi/status/1951250202968433149,,,
Bitcoin Ekasi (South Africa) 🇿🇦,https://x.com/BitcoinEkasi/status/1953134094537154580,,,
Bitcoin Ekasi (South Africa) 🇿🇦,https://x.com/BitcoinEkasi/status/1953468422677024805,,,
Bitcoin Ekasi (South Africa) 🇿🇦,https://x.com/BitcoinEkasi/status/1955634802691899893,,,
Bitcoin Githurai (Kenya) 🇰🇪,https://x.com/bitcoingithurai/status/1922991038441930849,,,
Bitcoin Githurai (Kenya) 🇰🇪,https://x.com/bitcoingithurai/status/1927726939923480618,,,
Bitcoin Githurai (Kenya) 🇰🇪,https://x.com/bitcoingithurai/status/1936009786140627222,,,
Bitcoin Githurai (Kenya) 🇰🇪,https://x.com/bitcoingithurai/status/1947226804537741629,,,
Bitcoin Githurai (Kenya) 🇰🇪,https://x.com/bitcoingithurai/status/1947617262044680417,,,
Bitcoin Githurai (Kenya) 🇰🇪,https://x.com/bitcoingithurai/status/1947917576048140514,,,
Bitcoin Githurai (Kenya) 🇰🇪,https://x.com/bitcoingithurai/status/1949089286260666653,,,
Bitcoin Githurai (Kenya) 🇰🇪,https://x.com/bitcoingithurai/status/1950536559746293851,,,
Bitcoin Githurai (Kenya) 🇰🇪,https://x.com/bitcoingithurai/status/1951585691986456659,,,
Bitcoin Githurai (Kenya) 🇰🇪,https://x.com/bitcoingithurai/status/1952623549908205936,,,
Bitcoin Githurai (Kenya) 🇰🇪,https://x.com/bitcoingithurai/status/1952724147349409820,,,
Bitcoin Githurai (Kenya) 🇰🇪,https://x.com/bitcoingithurai/status/1953692595948863781,,,
Bitcoin Kampala (Uganda) 🇺🇬,https://x.com/BitcoinKampala/status/1924483355531178294,,,
Bitcoin Kampala (Uganda) 🇺🇬,https://x.com/bitcoinkampala/status/1925195929524568115,,,
Bitcoin Kampala (Uganda) 🇺🇬,https://x.com/bitcoinkampala/status/1928176575033528345,,,
Bitcoin Kampala (Uganda) 🇺🇬,https://x.com/bitcoinkampala/status/1950225144578003330,,,
Bitcoin Kampala (Uganda) 🇺🇬,https://x.com/bitcoinkampala/status/1950870143132909754,,,
Bitcoin Kampala (Uganda) 🇺🇬,https://x.com/bitcoinkampala/status/1951729769210384516,,,
Bitcoin Kampala (Uganda) 🇺🇬,https://primal.net/e/nevent1qqs0268y3vp7uumyqmqemun3d6jzrcql707j2c6j2k65tany4fgdqhs960kyy,,,
Bitcoin Kampala (Uganda) 🇺🇬,https://x.com/BitcoinKampala/status/1952818901223653465,,,
Bitcoin Karoo (South Africa) 🇿🇦,https://x.com/bitcoinkaroo/status/1927319554079752278,,,
Bitcoin Karoo (South Africa) 🇿🇦,https://x.com/bitcoinkaroo/status/1947660647472501133,,,
Bitcoin Karoo (South Africa) 🇿🇦,https://x.com/BitcoinKaroo/status/1947660647472501133,,,
Bitcoin Karoo (South Africa) 🇿🇦,https://x.com/bitcoinkaroo/status/1923531868135186527,,,
Bitcoin Karoo (South Africa) 🇿🇦,https://x.com/bitcoinkaroo/status/1954882064638988731,,,
Bitcoin Karoo (South Africa) 🇿🇦,https://primal.net/e/nevent1qqsyszlacm6lsntjjt03w46ga52tj9sz5exzkr5fwhhc5d6vxdyzcxsmupvhf,,,
Bitcoin Karoo (South Africa) 🇿🇦,https://primal.net/e/nevent1qqsd6d30j0amk94s5xzpqwhc4jkpjh4t5v3nntc9usqz0klfwwcc06ckf2hm6,,,
Bitcoin Karoo (South Africa) 🇿🇦,https://primal.net/e/nevent1qqs0n93ewt9yfqcprxtukf5ts4n2x4htt75rqaaujt3lwsw4r5v56lcn8mmkg,,,
Bitcoin Karoo (South Africa) 🇿🇦,https://primal.net/e/nevent1qqsfsw9aprlm6dqd8zrwnvp2wyakj5thppzzf4sdltzfxckrjgyv7wcykc5ax,,,
Bitcoin Karoo (South Africa) 🇿🇦,https://primal.net/e/nevent1qqs80tveru6rgmju58dvyksla3x0f2nyhdmpmhnqkhak9qa3qnwks9q29h7su,,,
Bitcoin Karoo (South Africa) 🇿🇦,https://primal.net/e/nevent1qqst5kuszsjt4prgtvguuhddl6kappkzq9hhhnrswm7kl7e88mp86pst4nxnd,,,
Bitcoin Karoo (South Africa) 🇿🇦,https://primal.net/e/nevent1qqs8avc4x2rpqe29kmulae79cmkgjaq7g9l5zx3c7hgkz3pzwmlf3hcrcdsqw,,,
Bitcoin Plett (South Africa) 🇿🇦,https://x.com/bearcreative27/status/1924173920933916882,,,
Bitcoin Plett (South Africa) 🇿🇦,https://x.com/BitcoinPlett/status/1924939241974329374,,,
Bitcoin Plett (South Africa) 🇿🇦,https://x.com/BitcoinPlett/status/1955597831219118129,,,
Bitcoin Plett (South Africa) 🇿🇦,https://x.com/BitcoinPlett/status/1955664261482746085,,,
Bitcoin Plett (South Africa) 🇿🇦,https://x.com/BitcoinPlett/status/1955663870615580805,,,
Bitcoin Plett (South Africa) 🇿🇦,https://x.com/BitcoinPlett/status/1955883566811738504,,,
Bitcoin Sisonke (South Africa) 🇿🇦,https://x.com/sisonkeBTC/status/1923001377980080388,,,
Bitcoin Sisonke (South Africa) 🇿🇦,https://x.com/sisonkeBTC/status/1929511568066199749,,,
Bitcoin Sisonke (South Africa) 🇿🇦,https://x.com/sisonkeBTC/status/1937035669555265759,,,
Bitcoin Sisonke (South Africa) 🇿🇦,https://x.com/sisonkeBTC/status/1938527861083967678,,,
Bitcoin Sisonke (South Africa) 🇿🇦,https://x.com/sisonkeBTC/status/1940676225565184372,,,
Bitcoin Sisonke (South Africa) 🇿🇦,https://x.com/sisonkeBTC/status/1942470274072428814,,,
Bitcoin Sisonke (South Africa) 🇿🇦,https://x.com/sisonkeBTC/status/1945006477330051373,,,
Bitcoin Sisonke (South Africa) 🇿🇦,https://x.com/sisonkeBTC/status/1953836332922323184,,,
Bitcoin Sisonke (South Africa) 🇿🇦,https://x.com/sisonkeBTC/status/1954474251508985974,,,
Bitcoin Ubuntu (South Africa) 🇿🇦,https://x.com/BitcoinUbuntu/status/1923852708852719854,,,
Bitcoin Ubuntu (South Africa) 🇿🇦,https://x.com/BitcoinUbuntu/status/1924866299231924691,,,
Bitcoin Ubuntu (South Africa) 🇿🇦,https://x.com/BitcoinUbuntu/status/1924942942151590053,,,
Bitcoin Ubuntu (South Africa) 🇿🇦,https://x.com/BitcoinUbuntu/status/1927312608501064049,,,
Bitcoin Ubuntu (South Africa) 🇿🇦,https://x.com/BitcoinUbuntu/status/1937812581114151221,,,
Bitcoin Ubuntu (South Africa) 🇿🇦,https://x.com/BitcoinUbuntu/status/1948334167307034715,,,
Bitcoin Ubuntu (South Africa) 🇿🇦,https://x.com/BitcoinUbuntu/status/1952086795304464710,,,
Bitcoin Ubuntu (South Africa) 🇿🇦,https://x.com/BitcoinUbuntu/status/1952094626212438314,,,
Bitcoin Ubuntu (South Africa) 🇿🇦,https://x.com/BitcoinUbuntu/status/1952103050631672078,,,
Bitcoin Ubuntu (South Africa) 🇿🇦,https://x.com/BitcoinUbuntu/status/1952108988490723820,,,
Bitcoin Ubuntu (South Africa) 🇿🇦,https://www.instagram.com/reel/DNI5Zahs0k_/,,,
Bitcoin Ubuntu (South Africa) 🇿🇦,https://x.com/BitcoinUbuntu/status/1954611532559417518,,,
Bitcoin Ubuntu (South Africa) 🇿🇦,https://x.com/BitcoinUbuntu/status/1954649821027160180,,,
Bitcoin Ubuntu (South Africa) 🇿🇦,https://x.com/BitcoinUbuntu/status/1954826641496056293,,,
Bitcoin Ubuntu (South Africa) 🇿🇦,https://x.com/BitcoinUbuntu/status/1955712540580643302,,,
Bitcoin Victoria Falls (Zambia) 🇿🇲,https://x.com/bitcoinvicfalls/status/1922705668877828546,,,
Bitcoin Victoria Falls (Zambia) 🇿🇲,https://x.com/bitcoinvicfalls/status/1924217827768033435,,,
Bitcoin Victoria Falls (Zambia) 🇿🇲,https://x.com/bitcoinvicfalls/status/1924795096521650562,,,
Bitcoin Victoria Falls (Zambia) 🇿🇲,https://x.com/bitcoinvicfalls/status/1925225131707716091,,,
Bitcoin Victoria Falls (Zambia) 🇿🇲,https://x.com/bitcoinvicfalls/status/1927038419835715807,,,
Bitcoin Victoria Falls (Zambia) 🇿🇲,https://x.com/bitcoinvicfalls/status/1927062408515764305,,,
Bitcoin Victoria Falls (Zambia) 🇿🇲,https://x.com/bitcoinvicfalls/status/1927262181021589844,,,
Bitcoin Victoria Falls (Zambia) 🇿🇲,https://x.com/bitcoinvicfalls/status/1928380171721081105,,,
Bitcoin Victoria Falls (Zambia) 🇿🇲,https://x.com/bitcoinvicfalls/status/1929276967867887828,,,
Bitcoin Victoria Falls (Zambia) 🇿🇲,https://x.com/bitcoinvicfalls/status/1929987618495967572,,,
Bitcoin Victoria Falls (Zambia) 🇿🇲,https://x.com/bitcoinvicfalls/status/1932904887458713789,,,
Bitcoin Victoria Falls (Zambia) 🇿🇲,https://x.com/bitcoinvicfalls/status/1933241742406422935,,,
Bitcoin Victoria Falls (Zambia) 🇿🇲,https://x.com/bitcoinvicfalls/status/1934346660022566928,,,
Bitcoin Victoria Falls (Zambia) 🇿🇲,https://x.com/bitcoinvicfalls/status/1935422867941789771,,,
Bitcoin Victoria Falls (Zambia) 🇿🇲,https://x.com/bitcoinvicfalls/status/1935793647741435931,,,
Bitcoin Victoria Falls (Zambia) 🇿🇲,https://x.com/bitcoinvicfalls/status/1937179009873231935,,,
Bitcoin Victoria Falls (Zambia) 🇿🇲,https://x.com/bitcoinvicfalls/status/1937946206019174743,,,
Bitcoin Victoria Falls (Zambia) 🇿🇲,https://x.com/bitcoinvicfalls/status/1939814497226825846,,,
Bitcoin Victoria Falls (Zambia) 🇿🇲,https://x.com/bitcoinvicfalls/status/1940513757245198586,,,
Bitcoin Victoria Falls (Zambia) 🇿🇲,https://x.com/bitcoinvicfalls/status/1941240019265651089,,,
Bitcoin Victoria Falls (Zambia) 🇿🇲,https://x.com/bitcoinvicfalls/status/1944865790764974198,,,
Bitcoin Victoria Falls (Zambia) 🇿🇲,https://x.com/bitcoinvicfalls/status/1945951163922182262,,,
Bitcoin Victoria Falls (Zambia) 🇿🇲,https://x.com/bitcoinvicfalls/status/1946340681691156628,,,
Bitcoin Victoria Falls (Zambia) 🇿🇲,https://x.com/bitcoinvicfalls/status/1947396435865178551,,,
Bitcoin Victoria Falls (Zambia) 🇿🇲,https://x.com/BitcoinVicFalls/status/1948496163834863870,,,
Bitcoin Victoria Falls (Zambia) 🇿🇲,https://x.com/BitcoinVicFalls/status/1949180488062468376,,,
Bitcoin Victoria Falls (Zambia) 🇿🇲,https://x.com/bitcoinvicfalls/status/1949916989754949890,,,
Bitcoin Victoria Falls (Zambia) 🇿🇲,https://x.com/BitcoinVicFalls/status/1950214263705870341,,,
Bitcoin Victoria Falls (Zambia) 🇿🇲,https://x.com/BitcoinVicFalls/status/1950655111556198471,,,
Bitcoin Victoria Falls (Zambia) 🇿🇲,https://x.com/BitcoinVicFalls/status/1951661686852604303,,,
Bitcoin Victoria Falls (Zambia) 🇿🇲,https://x.com/BitcoinVicFalls/status/1953226978280259902,,,
Bitcoin Victoria Falls (Zambia) 🇿🇲,https://x.com/bitcoinvicfalls/status/1954855313338695782,,,
Bitcoin Victoria Falls (Zambia) 🇿🇲,https://x.com/bitcoin_diary/status/1954933796752789965,,,
Bitcoin Loxion (South Africa) 🇿🇦,https://x.com/bitcoinloxion/status/1925808792601510216,,,
Bitcoin Loxion (South Africa) 🇿🇦,https://x.com/bitcoinloxion/status/1925918946990948773,,,
Bitcoin Loxion (South Africa) 🇿🇦,https://x.com/bitcoinloxion/status/1927010567534841948,,,
Bitcoin Loxion (South Africa) 🇿🇦,https://x.com/bitcoinloxion/status/1927330459387675056,,,
Bitcoin Loxion (South Africa) 🇿🇦,https://x.com/bitcoinloxion/status/1929390533731840468,,,
Bitcoin Loxion (South Africa) 🇿🇦,https://x.com/bitcoinloxion/status/1929957971988975933,,,
Bitcoin Loxion (South Africa) 🇿🇦,https://x.com/bitcoinloxion/status/1930683353319014806,,,
Bitcoin Loxion (South Africa) 🇿🇦,https://x.com/bitcoinloxion/status/1935278440170537102,,,
Bitcoin Loxion (South Africa) 🇿🇦,https://x.com/bitcoinloxion/status/1946252121373896936,,,
Bitcoin Loxion (South Africa) 🇿🇦,https://x.com/bitcoinloxion/status/1946566622388621801,,,
Bitcoin Loxion (South Africa) 🇿🇦,https://x.com/bitcoinloxion/status/1948421568746389716,,,
Bitcoin Loxion (South Africa) 🇿🇦,https://x.com/bitcoinloxion/status/1948869456827937034,,,
Bitcoin Loxion (South Africa) 🇿🇦,https://x.com/bitcoinloxion/status/1954236973616349683,,,
Bitcoin Loxion (South Africa) 🇿🇦,https://x.com/bitcoinloxion/status/1955657789445173591,,,
BTC Shule (Burundi) 🇧🇮,https://x.com/btcshule/status/1924901071584932160,,,
BTC Shule (Burundi) 🇧🇮,https://x.com/btcshule/status/1925179605972926545,,,
BTC Shule (Burundi) 🇧🇮,https://x.com/btcshule/status/1925829819742228746,,,
BTC Shule (Burundi) 🇧🇮,https://x.com/btcshule/status/1926227985419374823,,,
BTC Shule (Burundi) 🇧🇮,https://x.com/btcshule/status/1927089227038109874,,,
BTC Shule (Burundi) 🇧🇮,https://x.com/btcshule/status/1929568552073224291,,,
BTC Shule (Burundi) 🇧🇮,https://x.com/btcshule/status/1929928606727250081,,,
BTC Shule (Burundi) 🇧🇮,https://x.com/btcshule/status/1930147915797795175,,,
BTC Shule (Burundi) 🇧🇮,https://x.com/btcshule/status/1930935302262030626,,,
BTC Shule (Burundi) 🇧🇮,https://x.com/btcshule/status/1931986885825397126,,,
BTC Shule (Burundi) 🇧🇮,https://x.com/btcshule/status/1932888245190467970,,,
BTC Shule (Burundi) 🇧🇮,https://x.com/btcshule/status/1934495140623638810,,,
BTC Shule (Burundi) 🇧🇮,https://x.com/btcshule/status/1935571815373406417,,,
BTC Shule (Burundi) 🇧🇮,https://x.com/btcshule/status/1937038847059062915,,,
BTC Shule (Burundi) 🇧🇮,https://x.com/btcshule/status/1938135513548132568,,,
BTC Shule (Burundi) 🇧🇮,https://x.com/btcshule/status/1939926660544905385,,,
BTC Shule (Burundi) 🇧🇮,https://x.com/btcshule/status/1940659658391540182,,,
BTC Shule (Burundi) 🇧🇮,https://x.com/btcshule/status/1941819995152936992,,,
BTC Shule (Burundi) 🇧🇮,https://x.com/btcshule/status/1942646711136203195,,,
BTC Shule (Burundi) 🇧🇮,https://x.com/btcshule/status/1944248703193075857,,,
BTC Shule (Burundi) 🇧🇮,https://x.com/btcshule/status/1946587348302438793,,,
BTC Shule (Burundi) 🇧🇮,https://x.com/btcshule/status/1949068308466020598,,,
BTC Shule (Burundi) 🇧🇮,https://x.com/btcshule/status/1951029027080380736,,,
Calabar Bitcoin Club (Nigeria) 🇳🇬,https://x.com/BitcoinPookie/status/1914955929038078298,,,
Calabar Bitcoin Club (Nigeria) 🇳🇬,https://x.com/BitcoinCalabar/status/1925696801375404310,,,
Calabar Bitcoin Club (Nigeria) 🇳🇬,https://x.com/BitcoinPookie/status/1932925536315068842,,,
Calabar Bitcoin Club (Nigeria) 🇳🇬,https://x.com/Orokasong/status/1933839613728330192,,,
Calabar Bitcoin Club (Nigeria) 🇳🇬,https://x.com/BitcoinCalabar/status/1934448895137910837,,,
Calabar Bitcoin Club (Nigeria) 🇳🇬,https://x.com/OddPelle/status/1935036641867124872,,,
Calabar Bitcoin Club (Nigeria) 🇳🇬,https://x.com/BitcoinCalabar/status/1939638283241406726,,,
Calabar Bitcoin Club (Nigeria) 🇳🇬,https://x.com/JJ_the_creator/status/1939633896796123345,,,
Calabar Bitcoin Club (Nigeria) 🇳🇬,https://x.com/TheBitcoinladyy/status/1939626301855268876,,,
Calabar Bitcoin Club (Nigeria) 🇳🇬,https://x.com/BitcoinCalabar/status/1939716379365740899,,,
Calabar Bitcoin Club (Nigeria) 🇳🇬,https://x.com/Anambra_boi01/status/1939630419760046557,,,
Calabar Bitcoin Club (Nigeria) 🇳🇬,https://x.com/Anambra_boi01/status/1940293076360339536,,,
Calabar Bitcoin Club (Nigeria) 🇳🇬,https://x.com/BitcoinCalabar/status/1943991733999874437,,,
Calabar Bitcoin Club (Nigeria) 🇳🇬,https://x.com/BitcoinCalabar/status/1945325390047621485,,,
Calabar Bitcoin Club (Nigeria) 🇳🇬,https://x.com/BitcoinCalabar/status/1947938101227057644,,,
Calabar Bitcoin Club (Nigeria) 🇳🇬,https://x.com/BitcoinCalabar/status/1947947256168243310,,,
Calabar Bitcoin Club (Nigeria) 🇳🇬,https://x.com/BitcoinCalabar/status/1948039539546808347,,,
Calabar Bitcoin Club (Nigeria) 🇳🇬,https://x.com/BitcoinCalabar/status/1948335940621189239,,,
Calabar Bitcoin Club (Nigeria) 🇳🇬,https://x.com/BitcoinCalabar/status/1949051388379418856,,,
Orphans of Uganda (Uganda) 🇺🇬,https://x.com/orphansofuganda/status/1939319594226782600,,,
Orphans of Uganda (Uganda) 🇺🇬,https://x.com/orphansofuganda/status/1941134564304339165,,,
Orphans of Uganda (Uganda) 🇺🇬,https://x.com/orphansofuganda/status/1941132044416815302,,,
Orphans of Uganda (Uganda) 🇺🇬,https://x.com/orphansofuganda/status/1943348132429074755,,,
Orphans of Uganda (Uganda) 🇺🇬,https://x.com/orphansofuganda/status/1947602568051413440,,,
Orphans of Uganda (Uganda) 🇺🇬,https://x.com/orphansofuganda/status/1947615049633169519,,,
Orphans of Uganda (Uganda) 🇺🇬,https://x.com/orphansofuganda/status/1947669787074580937,,,
Orphans of Uganda (Uganda) 🇺🇬,https://x.com/orphansofuganda/status/1947894230346502392,,,
Orphans of Uganda (Uganda) 🇺🇬,https://x.com/orphansofuganda/status/1947946568398647641,,,
Orphans of Uganda (Uganda) 🇺🇬,https://x.com/orphansofuganda/status/1948068752911933851,,,
Orphans of Uganda (Uganda) 🇺🇬,https://x.com/orphansofuganda/status/1948325896781263239,,,
Orphans of Uganda (Uganda) 🇺🇬,https://x.com/orphansofuganda/status/1948681133253656833,,,
Orphans of Uganda (Uganda) 🇺🇬,https://x.com/orphansofuganda/status/1951512445068947837,,,
Orphans of Uganda (Uganda) 🇺🇬,https://x.com/orphansofuganda/status/1951676093930283010,,,
Simply Sow (South Africa) 🇿🇦,https://x.com/SimplySowBtc/status/1938633708329664814,,,
Simply Sow (South Africa) 🇿🇦,https://x.com/SimplySowBtc/status/1942246391184535768,,,
Simply Sow (South Africa) 🇿🇦,https://x.com/SimplySowBtc/status/1944666334668771405,,,
Simply Sow (South Africa) 🇿🇦,https://x.com/SimplySowBtc/status/1947992496417468702,,,
Simply Sow (South Africa) 🇿🇦,https://x.com/SimplySowBtc/status/1950843910940418333,,,
Simply Sow (South Africa) 🇿🇦,https://x.com/SimplySowBtc/status/1951210793426415976,,,
Simply Sow (South Africa) 🇿🇦,https://x.com/SimplySowBtc/status/1952028920666116266,,,
Simply Sow (South Africa) 🇿🇦,https://x.com/SimplySowBtc/status/1952425551869661601,,,
Simply Sow (South Africa) 🇿🇦,https://x.com/SimplySowBtc/status/1952798220733612149,,,
Simply Sow (South Africa) 🇿🇦,https://x.com/SimplySowBtc/status/1953830285163847827,,,
Simply Sow (South Africa) 🇿🇦,https://x.com/SimplySowBtc/status/1955694751304315378,,,
Soweto BTC (South Africa) 🇿🇦,https://x.com/SowetoBtc/status/1916828328641675433,,,
Soweto BTC (South Africa) 🇿🇦,https://x.com/SowetoBtc/status/1925650971624866122,,,
Soweto BTC (South Africa) 🇿🇦,https://x.com/SowetoBtc/status/1929227770057359538,,,
Soweto BTC (South Africa) 🇿🇦,https://x.com/SowetoBtc/status/1929796681706377601,,,
Soweto BTC (South Africa) 🇿🇦,https://x.com/SowetoBtc/status/1929796025679478916,,,
Soweto BTC (South Africa) 🇿🇦,https://x.com/SowetoBtc/status/1940725294941589613,,,
Soweto BTC (South Africa) 🇿🇦,https://x.com/SowetoBtc/status/1944362961604092126,,,
Soweto BTC (South Africa) 🇿🇦,https://x.com/SowetoBtc/status/1946538095060402531,,,
Soweto BTC (South Africa) 🇿🇦,https://x.com/SowetoBtc/status/1953434293025349679,,,